variable_id,region,long_name,units,historical,esm-hist,scen7-vl,scen7-m,scen7-h,esm-scen7-vl,esm-scen7-m,esm-scen7-h,piControl,esm-piControl,1pctCO2,abrupt-4xCO2
siconc,glb,Sea-Ice Area Percentage (Ocean Grid),%,"CanESM6-0-MR (25), UKCM2-0-LL (5)","CanESM5-1 (25), EC-Earth3-ESM-1-1 (1), UKESM1-3-LL (5)",CanESM6-0-MR (23),CanESM6-0-MR (24),CanESM6-0-MR (25),UKESM1-3-LL (6),"CanESM5-1 (10), UKESM1-3-LL (1)","CanESM5-1 (25), UKESM1-3-LL (6)",CanESM5-1 (1),"CanESM5-1 (1), UKESM1-3-LL (1)","CanESM5-1 (1), CanESM6-0-MR (1), UKCM2-0-LL (1), UKESM1-3-LL (1)","CanESM5-1 (1), CanESM6-0-MR (1), UKESM1-3-LL (1)"
siarea,nh,Sea-Ice Area North,1e6 km2,,,CanESM6-0-MR (4),CanESM6-0-MR (5),CanESM6-0-MR (7),,,,,,,
sithick,glb,Sea-Ice Thickness,m,"CanESM6-0-MR (25), UKCM2-0-LL (5)","CanESM5-1 (25), EC-Earth3-ESM-1-1 (1), UKESM1-3-LL (5)",CanESM6-0-MR (23),CanESM6-0-MR (25),CanESM6-0-MR (25),UKESM1-3-LL (6),"CanESM5-1 (10), UKESM1-3-LL (1)","CanESM5-1 (25), UKESM1-3-LL (6)",CanESM5-1 (1),"CanESM5-1 (1), UKESM1-3-LL (1)","CanESM5-1 (1), CanESM6-0-MR (1), UKCM2-0-LL (1), UKESM1-3-LL (1)","CanESM5-1 (1), CanESM6-0-MR (1), UKESM1-3-LL (1)"
sieqthick,glb,Sea-Ice Volume per Area,m,UKCM2-0-LL (5),"CanESM5-1 (5), EC-Earth3-ESM-1-1 (1), UKESM1-3-LL (5)",CanESM6-0-MR (4),CanESM6-0-MR (5),CanESM6-0-MR (7),UKESM1-3-LL (6),UKESM1-3-LL (1),UKESM1-3-LL (6),,UKESM1-3-LL (1),"CanESM5-1 (1), UKCM2-0-LL (1), UKESM1-3-LL (1)","CanESM5-1 (1), UKESM1-3-LL (1)"
sivol,nh,Sea-Ice Volume North,1e3 km3,,EC-Earth3-ESM-1-1 (1),CanESM6-0-MR (4),CanESM6-0-MR (5),CanESM6-0-MR (7),,,,,,,
snd,glb,Snow Thickness,m,CanESM6-0-MR (25),"CanESM5-1 (25), EC-Earth3-ESM-1-1 (1), UKESM1-3-LL (5)",CanESM6-0-MR (23),CanESM6-0-MR (25),CanESM6-0-MR (25),UKESM1-3-LL (6),"CanESM5-1 (10), UKESM1-3-LL (1)","CanESM5-1 (25), UKESM1-3-LL (6)",CanESM5-1 (1),"CanESM5-1 (1), UKESM1-3-LL (1)","CanESM5-1 (1), CanESM6-0-MR (1), UKESM1-3-LL (1)","CanESM5-1 (1), CanESM6-0-MR (1), UKESM1-3-LL (1)"
sifb,glb,Sea-Ice Freeboard,m,UKCM2-0-LL (5),"EC-Earth3-ESM-1-1 (1), UKESM1-3-LL (5)",CanESM6-0-MR (1),CanESM6-0-MR (1),CanESM6-0-MR (1),UKESM1-3-LL (6),UKESM1-3-LL (1),UKESM1-3-LL (6),,UKESM1-3-LL (1),"UKCM2-0-LL (1), UKESM1-3-LL (1)",UKESM1-3-LL (1)
sidmassmelttop,glb,Sea-Ice Mass Change Through Surface Melting,kg m-2 s-1,UKCM2-0-LL (5),"CanESM5-1 (5), EC-Earth3-ESM-1-1 (1), UKESM1-3-LL (5)",CanESM6-0-MR (4),CanESM6-0-MR (5),CanESM6-0-MR (7),UKESM1-3-LL (6),UKESM1-3-LL (1),UKESM1-3-LL (6),,UKESM1-3-LL (1),"CanESM5-1 (1), UKCM2-0-LL (1), UKESM1-3-LL (1)","CanESM5-1 (1), UKESM1-3-LL (1)"
sidmassmeltbot,glb,Sea-Ice Mass Change Through Bottom Melting,kg m-2 s-1,UKCM2-0-LL (5),"EC-Earth3-ESM-1-1 (1), UKESM1-3-LL (5)",CanESM6-0-MR (4),CanESM6-0-MR (5),CanESM6-0-MR (7),UKESM1-3-LL (6),UKESM1-3-LL (1),UKESM1-3-LL (6),,UKESM1-3-LL (1),"UKCM2-0-LL (1), UKESM1-3-LL (1)",UKESM1-3-LL (1)
sidmassmeltlat,glb,Sea-Ice Mass Change Through Lateral Melting,kg m-2 s-1,,,CanESM6-0-MR (4),CanESM6-0-MR (5),CanESM6-0-MR (7),,,,,,,
sidmassgrowthbot,glb,Sea-Ice Mass Change Through Basal Growth,kg m-2 s-1,UKCM2-0-LL (5),"EC-Earth3-ESM-1-1 (1), UKESM1-3-LL (5)",CanESM6-0-MR (4),CanESM6-0-MR (5),CanESM6-0-MR (7),UKESM1-3-LL (6),UKESM1-3-LL (1),UKESM1-3-LL (6),,UKESM1-3-LL (1),"UKCM2-0-LL (1), UKESM1-3-LL (1)",UKESM1-3-LL (1)
sidmassgrowthwat,glb,Sea-Ice Mass Change Through Growth in Supercooled Open Water (Frazil),kg m-2 s-1,,EC-Earth3-ESM-1-1 (1),CanESM6-0-MR (4),CanESM6-0-MR (5),CanESM6-0-MR (7),,,,,,,
sidmassgrowthsi,glb,Sea-Ice Mass Change Through Snow-to-Ice Conversion,kg m-2 s-1,,,CanESM6-0-MR (4),CanESM6-0-MR (5),CanESM6-0-MR (7),,,,,,,
evspsbl,glb,Sea-Ice Mass Change Through Evaporation and Sublimation,kg m-2 s-1,,"EC-Earth3-ESM-1-1 (1), UKESM1-3-LL (5)",CanESM6-0-MR (4),CanESM6-0-MR (5),CanESM6-0-MR (7),UKESM1-3-LL (6),UKESM1-3-LL (1),UKESM1-3-LL (7),,UKESM1-3-LL (1),UKESM1-3-LL (1),UKESM1-3-LL (1)
sidmassdyn,glb,Sea-Ice Mass Change from Dynamics,kg m-2 s-1,,EC-Earth3-ESM-1-1 (1),CanESM6-0-MR (4),CanESM6-0-MR (5),CanESM6-0-MR (7),,,,,,,
snm,glb,Snow Mass Rate of Change Through Melt,kg m-2 s-1,,,CanESM6-0-MR (4),CanESM6-0-MR (5),CanESM6-0-MR (7),,,,,,,
prsn,glb,Snow Mass Change Through Snowfall,kg m-2 s-1,,,CanESM6-0-MR (3),CanESM6-0-MR (5),CanESM6-0-MR (7),,,,,,,
sisndmasssi,glb,Snow Mass Rate of Change Through Snow-to-Ice Conversion,kg m-2 s-1,,EC-Earth3-ESM-1-1 (1),CanESM6-0-MR (4),CanESM6-0-MR (5),CanESM6-0-MR (7),,,,,,,
sbl,glb,Snow Mass Rate of Change Through Evaporation or Sublimation,kg m-2 s-1,,,CanESM6-0-MR (4),CanESM6-0-MR (5),CanESM6-0-MR (7),,,,,,,
sisndmasswind,,Snow Mass Rate of Change Through Wind Drift of Snow,kg m-2 s-1,,,,,,,,,,,,
sisndmassdyn,glb,Snow Mass Rate of Change Through Advection by Sea-Ice Dynamics,kg m-2 s-1,,EC-Earth3-ESM-1-1 (1),CanESM6-0-MR (4),CanESM6-0-MR (5),CanESM6-0-MR (7),,,,,,,
